brain_index,weight
0,0.6300694373329682
11,0.8149366739744844
18,0.928459978547583
27,0.8810080594737737
40,0.6133163029735287
64,0.6756708474233474
134,0.5203212482700996
